"Songid","Libraries"
# THIS FILE CONTAINS Mapping from Song-Ids to Owners
# Aug 30 2014
######################################################
# 			All SONGS
#######################################################
1,"Rock Action"
2,"Rock Action"
3,"Rock Action"
4,"Rock Action"
5,"Rock Action"
6,"Rock Action"
7,"Rock Action"
8,"Rock Action"
9,"Rock Action"
10,"Rock Action"
11,"FatCat Records"
12,"FatCat Records"
13,"FatCat Records"
14,"FatCat Records"
15,"FatCat Records"
16,"FatCat Records"
17,"FatCat Records"
18,"FatCat Records"
20,"RCA"
21,"RCA"
22,"RCA"
23,"RCA"
24,"RCA"
25,"RCA"
26,"RCA"
27,"RCA"
28,"RCA"
29,"RCA"
30,"RCA"
31,"RCA"
32,"RCA"
33,"RCA"
34,"RCA"